-- ============================================================
-- IAM Service - Seed data aligned with current entities
-- ============================================================

INSERT INTO roles (id, name, description) VALUES
  ('10000000-0000-0000-0000-000000000001', 'ADMIN', 'System administrator'),
  ('10000000-0000-0000-0000-000000000002', 'AGENT', 'Insurance agent'),
  ('10000000-0000-0000-0000-000000000003', 'CLIENT', 'Client role'),
  ('10000000-0000-0000-0000-000000000004', 'FINANCE', 'Finance role')
ON CONFLICT (id) DO NOTHING;

INSERT INTO users (id, username, email, password_hash, active, role_id) VALUES
  ('20000000-0000-0000-0000-000000000001', 'admin', 'admin@assureflow.com', '$2a$10$92IXUNpkjO0rOQ5byMi.Ye4oKoEa3Ro9llC/.og/at2.uheWG/igi', true, '10000000-0000-0000-0000-000000000001'),
  ('20000000-0000-0000-0000-000000000002', 'agent.hassan', 'hassan.agent@assureflow.com', '$2a$10$92IXUNpkjO0rOQ5byMi.Ye4oKoEa3Ro9llC/.og/at2.uheWG/igi', true, '10000000-0000-0000-0000-000000000002'),
  ('20000000-0000-0000-0000-000000000003', 'finance.omar', 'omar.finance@assureflow.com', '$2a$10$92IXUNpkjO0rOQ5byMi.Ye4oKoEa3Ro9llC/.og/at2.uheWG/igi', true, '10000000-0000-0000-0000-000000000004'),
  ('20000000-0000-0000-0000-000000000004', 'client', 'client@assureflow.com', '$2a$10$92IXUNpkjO0rOQ5byMi.Ye4oKoEa3Ro9llC/.og/at2.uheWG/igi', true, '10000000-0000-0000-0000-000000000003')
ON CONFLICT (id) DO NOTHING;

-- Sample audit logs
INSERT INTO audit_logs (id, user_id, action, timestamp) VALUES
  ('30000000-0000-0000-0000-000000000001', '20000000-0000-0000-0000-000000000001', 'USER_LOGIN', CURRENT_TIMESTAMP - INTERVAL '2 hours'),
  ('30000000-0000-0000-0000-000000000002', '20000000-0000-0000-0000-000000000001', 'USER_CREATED_BY_ADMIN', CURRENT_TIMESTAMP - INTERVAL '1 day'),
  ('30000000-0000-0000-0000-000000000003', '20000000-0000-0000-0000-000000000002', 'USER_LOGIN', CURRENT_TIMESTAMP - INTERVAL '3 hours'),
  ('30000000-0000-0000-0000-000000000004', '20000000-0000-0000-0000-000000000002', 'USER_UPDATED', CURRENT_TIMESTAMP - INTERVAL '5 hours'),
  ('30000000-0000-0000-0000-000000000005', '20000000-0000-0000-0000-000000000003', 'USER_LOGIN', CURRENT_TIMESTAMP - INTERVAL '1 hour'),
  ('30000000-0000-0000-0000-000000000006', '20000000-0000-0000-0000-000000000004', 'USER_REGISTERED', CURRENT_TIMESTAMP - INTERVAL '2 days'),
  ('30000000-0000-0000-0000-000000000007', '20000000-0000-0000-0000-000000000004', 'USER_LOGIN', CURRENT_TIMESTAMP - INTERVAL '30 minutes')
ON CONFLICT (id) DO NOTHING;

-- Sample active sessions
INSERT INTO sessions (id, user_id, token, expires_at, created_at) VALUES
  ('40000000-0000-0000-0000-000000000001', '20000000-0000-0000-0000-000000000001', 'sample-token-admin-1', CURRENT_TIMESTAMP + INTERVAL '1 day', CURRENT_TIMESTAMP - INTERVAL '2 hours'),
  ('40000000-0000-0000-0000-000000000002', '20000000-0000-0000-0000-000000000002', 'sample-token-agent-1', CURRENT_TIMESTAMP + INTERVAL '1 day', CURRENT_TIMESTAMP - INTERVAL '3 hours'),
  ('40000000-0000-0000-0000-000000000003', '20000000-0000-0000-0000-000000000003', 'sample-token-finance-1', CURRENT_TIMESTAMP + INTERVAL '1 day', CURRENT_TIMESTAMP - INTERVAL '1 hour'),
  ('40000000-0000-0000-0000-000000000004', '20000000-0000-0000-0000-000000000004', 'sample-token-client-1', CURRENT_TIMESTAMP + INTERVAL '1 day', CURRENT_TIMESTAMP - INTERVAL '30 minutes')
ON CONFLICT (id) DO NOTHING;